1.32072106712464E+032,Microsoft,microsoft stream vient de me dire ferme ta gueule,ohicamila,Mon Oct 26 14:36:54 CET 2020,0
1.32071987469664E+032,Microsoft,|A lire | L'excellent article  du d√©crypte le march√© du et parle de notre partenariat r√©volutionnaire avec dans le cadre de sa strat√©gie First ,SES_France,Mon Oct 26 14:32:10 CET 2020,4
1.32071826681018E+032,Microsoft,Mdrr oui bien s√ªr et moi j'suis actionnaires majoritaire de Microsoft me l'a fait pas stp on sait tr√®s bien que t'es Max a la Fac et encore j'suis sympa,k_n_a13100,Mon Oct 26 14:25:47 CET 2020,0
1.3207172714305E+031,Microsoft,Je suis totalement d'accord  au moins chez Microsoft ils ont eu la d√©cence de le mettre dans un endroit qui nique pas tout,HzB2505,Mon Oct 26 14:21:49 CET 2020,4
1.32071634347429E+032,Microsoft,La ville de Corona  en Californie  √©conomise d√©sormais jusqu'√† 1‚ÄØ000‚ÄØ$ par incident d'EMS gr√¢ce √† la transformation num√©rique de @Microsoft. Lisez pour en savoir plus. ,El_King_Israel,Mon Oct 26 14:18:08 CET 2020,4
1.32071571203019E+032,Microsoft,Rappel : l‚Äô√©v√©nement d√©butera dans trois heures  √† 17h30 ! Lien vers la rencontre ‚û°Ô∏è,FR_Desarmement,Mon Oct 26 14:15:38 CET 2020,2
1.32071360816735E+032,Microsoft,C'est clair.Apr√®s il faut aussi se souvenir que d'autres outils/plateformes (comme npm) appartienent aussi √† Microsoft.Je sens que dans les ann√©es √† venir on va rire (jaune).,sebsauvage_net,Mon Oct 26 14:07:16 CET 2020,0
1.3207132178203E+031,Microsoft,Ne pas oublier   ce n'est pas GAFA mais #GAFAM. Merci,JettoFr,Mon Oct 26 14:05:43 CET 2020,2
1.32071303392098E+032,Microsoft,Comment transformer un bad buzz en id√©e de g√©nie ! Un vrai frigo est la meilleure id√©e de communication de Microsoft depuis longtemps !Un partenariat avec une marque d'√©lectrom√©nager pour avoir un prix acceptable ? Qui ne voudrait pas avoir √ßa dans sa cuisine ?‚Äç‚ôÇÔ∏è ,ScryptGD,Mon Oct 26 14:04:59 CET 2020,4
1.32071298210871E+032,Microsoft,je me sens coupable  j'ach√®te des produits Microsoft donc j'ai enrichi Bill Gates et par la m√™me je participe au fichage de l'√™tre humain en Afrique.√áa fait beaucoup pour un seul homme ü§î,le_fumier,Mon Oct 26 14:04:47 CET 2020,0
1.32071230776117E+032,Microsoft,Que Microsoft mette la main sur github  on devait s'attendre √† quoi d'autre ces temps ci ?,judi84416928,Mon Oct 26 14:02:06 CET 2020,2
1.32071208936788E+032,Microsoft,EASYTEAM  sp√©cialiste de la Data et du Cloud (Microsoft/ Oracle/ AWS) et leader de l‚Äôinnovation au service de la r√©duction de l‚Äôempreinte carbone  recrute des COMMERCIAUX IT S√©niors (F/H) √† Paris.Habitu√© des projets Cloud  vous √™tes autonome dans la‚Ä¶ ,DACOSTAAntoni20,Mon Oct 26 14:01:14 CET 2020,4
1.32071207502759E+032,Microsoft,OnePlus ils ont la m√™me √©quipe que Microsoft pour trouver des noms ,Loolluc,Mon Oct 26 14:01:10 CET 2020,0
1.3207117969116E+031,Microsoft,vs -new AI  noise surppression ,ClausSea,Mon Oct 26 14:00:04 CET 2020,2
1.32071090434287E+032,Microsoft,Lorsque a d√©voil√© la beaucoup se sont moqu√©s de son design qui rappelait celui d'un... frigo Le constructeur am√©ricain a envoy√© √† quelques influenceurs un r√©frig√©rateur en forme de Series X Du g√©nie ,JeuxCapt,Mon Oct 26 13:56:31 CET 2020,4
1.32070731531464E+032,Microsoft,Est-ce que microsoft pr√©voit de le mettre en vente ? √áa peut etre sympa dans une gaming room,PouicPouic2000,Mon Oct 26 13:42:16 CET 2020,4
1.32070683146391E+032,Microsoft,En fait j'√©cris un article dessus justement pour le d√©noncer. Ce que je dis  je le r√©p√®te  c'est que le brevet de Microsoft du 26 mars 2020 ne mentionne pas explicitement de puce inject√©e dans le corps. C'est tout :),debe_tom,Mon Oct 26 13:40:20 CET 2020,0
1.32070607707641E+032,Microsoft,en r√©sum√© : les  ont cram√© 62 millions (balance d'exploitation) d fonds publics en quasi totalit√© (BEI  CDC  BPI CIR OSEO) pour 4 lignes d codes d'API Microsoft Bing et quelques serveurs...+ encore du  pr faire gober ds salades et continuer a financer ce gouffre.,Annuaire_fr,Mon Oct 26 13:37:20 CET 2020,0
1.32070555950772E+032,Microsoft,New post: ADX python() plugin survey ,ms365service,Mon Oct 26 13:35:17 CET 2020,2
1.32070418154045E+032,Microsoft,Le pire ! C'est que c'est Microsoft (fabricant de la Xbox) eux m√™me qui on produit ce frigo,MEGAVOLCANO1,Mon Oct 26 13:29:49 CET 2020,0
1.32070298683474E+032,Microsoft,Microsoft : Windows 10X serait finalis√© pour le mois de d√©cembre ,JoseAmmendola,Mon Oct 26 13:25:04 CET 2020,2
1.32070130964172E+032,Microsoft,Donc selon vous  cette fameuse technologie de minage de cryptomonnaie  issue du brevet de Microsoft (666)  sera int√©gr√© au vaccin √† ARN ? C'est pas officiel pour moi !,debe_tom,Mon Oct 26 13:18:24 CET 2020,0
1.32070127377204E+032,Microsoft,Mais oui ! ,gmsjash,Mon Oct 26 13:18:15 CET 2020,4
1.32069877934401E+032,Microsoft,C'est pourquoi ce visuel Star Wars Racer? Microsoft rach√®te Disney ?,skall36,Mon Oct 26 13:08:21 CET 2020,2
1.32069859160274E+032,Microsoft,Quand il r√©pond  je pense qu'il ressort du placard les anciennes r√©ponses de L√©andri. Sinon  40 %  d√©pendance totale...Bien au contraire le aurait du √™tre un acc√©l√©rateur (voir #Gafam)Sinon on dit et non plus Bing ^^,DataNewser,Mon Oct 26 13:07:36 CET 2020,2
1.3206973222636E+031,Microsoft,‚≠êÔ∏è Ignite 2020 : Microsoft 365  nouvel Outlook pour Mac et fourn√©e d'am√©liorations pour Teams #Lib√©r√© ,nextinpact,Mon Oct 26 13:02:33 CET 2020,4
1.32072291896022E+032,Vacances,Et en m√™me temps c‚Äôest s√ªr que je peux pas √™tre constant en √©tant 4 mois chez moi au total dans l‚Äôann√©e et encore quand je pars en vacances je suis pas chez moi donc bon,TheRealDrxZix,Mon Oct 26 14:44:16 CET 2020,0
1.32072285617986E+032,Vacances,Je reviens en magasin: ¬´¬†Oh un revenant. √áa fait plaisir . Ah bah √ßa va  on voit que tu as profiter de tes vacances .¬†¬ª (en regardant mon ventre)¬´¬†Oui  je sais .¬†¬ªToujours agr√©able.,Kent1_G,Mon Oct 26 14:44:01 CET 2020,0
1.32072269284531E+032,Vacances,Juste envie de partir en vacances...,remisucedespile,Mon Oct 26 14:43:22 CET 2020,2
1.32072269125141E+032,Vacances,Laisses moi tranquille en vacances,kiimkuss76,Mon Oct 26 14:43:22 CET 2020,2
1.32072265001724E+032,Vacances,mdddddddddddddr mais c‚Äô√©tait les vacances aussi,_BMFY,Mon Oct 26 14:43:12 CET 2020,4
1.32072261203362E+032,Vacances,bien √©videmment a utilis√© son temps utilement:pr√©parer la 2eme vague dans #√©coles et #universit√©s !S‚Äôinqui√©ter de connecter TOUS les √©l√®ves et √©tudiants dans Souci et #√âgalit√© s‚ÄôInqui√©ter des et et MENTALE,MarieDomSteimle,Mon Oct 26 14:43:03 CET 2020,0
1.32072258683844E+032,Vacances,Ah √ßa y est vous allez encore chier sur !! Heureusement que Q revient de vacances  ouf!!   .,denispoussard,Mon Oct 26 14:42:57 CET 2020,4
1.32072253179239E+032,Vacances,Ah c‚Äôest pas mal aussi faut voir  apr√®s sur les pecks √ßa fait styler en vacances √† la mer,NathanParidaens,Mon Oct 26 14:42:44 CET 2020,4
1.32072245267526E+032,Vacances,allez plus que deux petites semaines avant mes premi√®res vacances depuis 9 mois  trop trop h√¢te,paulinelefvr,Mon Oct 26 14:42:25 CET 2020,4
1.32072244294447E+032,Vacances,Dites vous que la rentr√©e de la promo c'est en f√©vrier et il y a d√©j√† quelqu'un qui a demand√© si on allait avoir des vacances en f√©vrier. ,Raphilefou,Mon Oct 26 14:42:22 CET 2020,2
1.32072236555954E+032,Vacances,En France  on leur demande de venir bosser positifs au Covid  et de s'asseoir sur leurs vacances.Alors les hausses de salaires  on en est tr√®s loin. ,TralalaZoum,Mon Oct 26 14:42:04 CET 2020,0
1.3207223586348E+031,Vacances,A bord de nos v√©hicules √©quip√©s de pneus neiges  nos chauffeurs vous conduisent vers la station de ski de votre choix.  ‚õ∑Ô∏è ‚ùÑÔ∏è,navecofrance,Mon Oct 26 14:42:02 CET 2020,2
1.32072224799314E+032,Vacances,On a m√™me pas de vacances wsh ,yasssbhl,Mon Oct 26 14:41:36 CET 2020,0
1.32072222133418E+032,Vacances,cst vrmt √† chier les vacances,213_ih,Mon Oct 26 14:41:30 CET 2020,0
1.3207221853639E+031,Vacances,s‚Äôendormir √† 21h en vacances non mais c‚Äôest quoi √ßa,its_maaaeee,Mon Oct 26 14:41:21 CET 2020,0
1.3207221432237E+031,Vacances,ma prof veut que je lui envoie un devoir dans 2j chkl je suis en vacances mais qu‚Äôelle impolitesse,floralynnne,Mon Oct 26 14:41:11 CET 2020,0
1.32072208406723E+032,Vacances,Durant mes r√©centes vacances  j‚Äôai crois√© quatre types d‚Äôanimaux. Selon vous  lequel avait le plus peur du ch√©tif randonneur que je suis ? (Expliquez votre r√©ponse.),nicolasegranier,Mon Oct 26 14:40:57 CET 2020,2
1.32072203918394E+032,Vacances,En vrai sa serrais que pour les vacances vue que j ai pas les meme horaires que vous,achraf70581631,Mon Oct 26 14:40:46 CET 2020,2
1.32072195690852E+032,Vacances,wsh c‚Äôest d√©j√† la moiti√© des vacances smrr,soo__addicted,Mon Oct 26 14:40:27 CET 2020,0
1.32072194388524E+032,Vacances,mdrrrr moi je vais pleurer quand je vais sortir de mes vacances improvis√©es,izidewpetasse,Mon Oct 26 14:40:23 CET 2020,0
1.32072172365481E+032,Vacances,je crois que les profs c‚Äôest des putes si ils corrigent 343 devoirs qu‚Äôon a fait la semaine avant les vacances,Yanniiiiis,Mon Oct 26 14:39:31 CET 2020,0
1.32072171996391E+032,Vacances,Retour de vacances : j‚Äôen suis √† 8 covid+ et 5 malades √† rappeler en plus de ma consult normale . #b√©r√©zina,DocArnica,Mon Oct 26 14:39:30 CET 2020,0
1.32072171353822E+032,Vacances,√áa va finir comme √ßa! La prof avec laquelle j‚Äôavais 3 cours cette semaine est cas contact donc tous ses cours sont annul√©s et comme on est en vacances fin de semaine ils vont pas trop tirer sur la corde je pense,wanderlust_DRD4,Mon Oct 26 14:39:28 CET 2020,2
1.32072170083364E+032,Vacances,La semaine de vacances va me faire du bien et √ßa me fera du bien de me couper un peu des r√©seaux sociaux ! Par contre je sais que mes deux colis avec mes pantalons vont arriver quand je serais pas chez ma m√®re mdrrr j'adore.,suckerforlilo,Mon Oct 26 14:39:25 CET 2020,4
1.32072164274677E+032,Vacances,Dit-il l‚Äôhomme en vacances ce soir,BigouzMax,Mon Oct 26 14:39:12 CET 2020,2
1.32072155455311E+032,Vacances,[ VACANCES SCOLAIRES - PROGRAMME ]Vous ne savez pas quoi faire durant les vacances scolaires ? A Tourcoing il y a plein de choses √† faire ! Retrouvez les diff√©rentes activit√©s propos√©es par la Ville pour petits et grands. ,TourcoingVille,Mon Oct 26 14:38:51 CET 2020,4
1.32072153759551E+032,Vacances,El famoso combo AEG/maintient √† domicile compliqu√©/d√©part en vacances  les patients arrivent d√©j√† avec la valise,aymeric_stllr,Mon Oct 26 14:38:47 CET 2020,0
1.32072153574169E+032,Vacances,gros le confinement c‚Äôest pas les vacances m√™me quand tu touches 18M par ans,Vandrasinho,Mon Oct 26 14:38:46 CET 2020,0
1.32072152305388E+032,Vacances,T‚Äôa eu 3 mois de vacances quand m√™me mdr ,RiadhBnz,Mon Oct 26 14:38:43 CET 2020,2
1.32072148673536E+032,Vacances,Il a 100% raison  pas de vacances ni pre saison  et on voit d√©j√† √©norm√©ment de joueurs cuit √† travers l‚ÄôEurope  arrive mi saison √ßa va √™tre catastrophique,Hurricane_Hits,Mon Oct 26 14:38:34 CET 2020,0
1.32072148494026E+032,Vacances,Je sais pas si je suis la seule mais c‚Äôest les vacances les plus longues que j‚Äôai v√©cu,f__idir,Mon Oct 26 14:38:34 CET 2020,2
1.32072134170055E+032,Vacances,√©nerv√©e quand les disponibilit√©s des acteurs ont un impact sur la coh√©rence de la narration. ici : l'absence de Charlie aux fun√©railles de Lincoln. √ßa fait quasi une saison qu'on l'a pas vu sous pr√©texte de vacances qui semblent √™tre les plus longues des 2 univers confondus ,fromJeanne,Mon Oct 26 14:38:00 CET 2020,0
1.32072124855346E+032,Vacances,Jss nostalgique de mes vacances d‚Äô√©t√© ,tripet_clemence,Mon Oct 26 14:37:38 CET 2020,2
1.32072124781947E+032,Vacances,Non il a raison y‚Äôa eu ni vacances ni pre saison pour eux  c‚Äôest une catastrophe physique assur√© pour toutes les √©quipes d‚ÄôEurope d√®s la mi saison  m√™me si on voit d√©j√† beaucoup de joueurs d√©j√† cuit en ce d√©but de saison,Hurricane_Hits,Mon Oct 26 14:37:37 CET 2020,0
1.3207212161105E+031,Vacances,Appel √† la d√©lation tout simplement !Et la morale  elle est o√π bordel ? En vacances tr√®s loin apparemment ,MathieuCasanov4,Mon Oct 26 14:37:30 CET 2020,0
1.32072106093381E+032,Vacances,√áa me fait rire ces m√©dias qui  etc etcIls savent   conditionnent  en faisant genre On a compris hein Enfin moi j'ai compris,IndianaJaune51,Mon Oct 26 14:36:53 CET 2020,0
1.3207210608164E+031,Vacances,Ptdrrrrrrr moi je le fais plus ce test hein je pr√©f√®re ne pas partir en vacances  ,MamMarie,Mon Oct 26 14:36:53 CET 2020,0
1.3207210290026E+031,Vacances,Comment je m‚Äôappr√™te beaucoup plus le week-end et les vacances. Quand c‚Äôest pour aller en cours je m‚Äôhabille juste pour pas √™tre nue,laurenecaronn,Mon Oct 26 14:36:45 CET 2020,2
1.32072100164321E+032,Vacances,Plus de vacances √† l‚Äô√©tranger je ne le r√©p√©terai jamais assez.,LambotteMichel2,Mon Oct 26 14:36:39 CET 2020,0
1.32072099622416E+032,Vacances,Mdr non mais tkt c'est rien de grave  en fait c'est la fin des vacances et je suis en stage ,JbrMartin1393,Mon Oct 26 14:36:37 CET 2020,2
1.3207208688096E+031,Vacances,Dit le mec qui a eu 2 mois de vacances au confinement,HugoChef1,Mon Oct 26 14:36:07 CET 2020,0
1.32072105213002E+032,Luigi,Tu es unique ! Tu peux apprendre toutes les capacit√©s et surtout tu es le seul survivant !  ,Fnac,Mon Oct 26 14:36:51 CET 2020,4
1.32071926528939E+032,Luigi,Je vais te d√©truire la gueule ,guillaumedlcr,Mon Oct 26 14:29:45 CET 2020,0
1.3207170786226E+031,Luigi,Merci j‚Äôappr√©cie ü•∞,UrFavBlogger,Mon Oct 26 14:21:03 CET 2020,4
1.32071655451493E+032,Luigi,Oh Grand Youtube  je t'√©coute.J'ai achet√© le coran. (et un peu lu)  Cela casse pas trois pattes √† un canard.  Ramassis de r√®gles pr√©vues pour des b√©douins enrichi de citations venant des chr√©tiens et des juifs.  (la vraie foi √† suivre).  Vous suivez l'ant√©christ.,luigi_metro,Mon Oct 26 14:18:58 CET 2020,0
1.32071590473756E+032,Luigi,Enfin terminer ce Luigi Mansion beaucoup trop long ü§™,Jicey89,Mon Oct 26 14:16:24 CET 2020,2
1.32071330582512E+032,Luigi,Mdrr non.,guillaumedlcr,Mon Oct 26 14:06:04 CET 2020,0
1.32071284921641E+032,Luigi,Krkrkr c'est beaucoup trop chou ‚ú®‚ù§Et voil√†  j'ai donc termin√© la s√©rie des mario et luigi  c'√©tait super cool ,Jinouga42,Mon Oct 26 14:04:15 CET 2020,4
1.32070632808877E+032,Luigi,Yes c'est bon √ßa   tu nous tiens au courant ü§ù,Zetroms_Luigi,Mon Oct 26 13:38:20 CET 2020,4
1.32070595343674E+032,Luigi,D√®s que je l'ai je commence a acheter un appart et je pourrais h√©berger pour les tournoi Saint-√âtienne/Lyon ),DavianHell,Mon Oct 26 13:36:51 CET 2020,2
1.32070566528384E+032,Luigi,Tu parcours les cieux cherchant des adversaires √† ta mesure et tu craches de puissantes flammes capables de tout faire fondre. Tu n'attaques pas les plus faibles que toi.  ,Fnac,Mon Oct 26 13:35:42 CET 2020,2
1.32070535618884E+032,Luigi,De mon point de vue  ce n'est pas si improbable que √ßa  vu que tu as r√©cemment fait une √©mission sur NRJ et entre √ßa et ta grosse communaut√© qui te suite derri√®re  il y a de bonnes choses que tu y gagne cette ann√©e (m√™me si entre nous cela ne vaut pas grand chose),Luigi_S_Simpson,Mon Oct 26 13:34:29 CET 2020,0
1.32070534464192E+032,Luigi,C'est good √ßa  bon courage pour la suite  en esp√©rant un cdi bient√¥t ,Zetroms_Luigi,Mon Oct 26 13:34:26 CET 2020,4
1.32070061485951E+032,Luigi,C‚Äôest le karma de jouer luigi j‚Äôimagine ,Luig_Oui,Mon Oct 26 13:15:38 CET 2020,2
1.32070046301724E+032,Luigi,Luigi c‚Äôest giga noble... En temps que pac man t‚Äôas rien a dire,Luig_Oui,Mon Oct 26 13:15:02 CET 2020,2
1.32069935944141E+032,Luigi,Luigi = Toxique. CQFD.,Virgile_Kr,Mon Oct 26 13:10:39 CET 2020,0
1.32069522838746E+032,Luigi,ptdrr luigi,weshlastreet18,Mon Oct 26 12:54:14 CET 2020,4
1.3206936293846E+031,Luigi,Cette case de Sprite Comic pour le moins d√©concertante fait souvent le tour du Twitter anglophone. Pour donner enfin un contexte √† cette sc√®ne  il s'agit de  fait par Dr_Luigi en 2007.Content Warning: Gore  violence extr√™me  vulgarit√©,ShyCoOfficiel,Mon Oct 26 12:47:53 CET 2020,2
1.32069227613018E+032,Luigi,Luigi Alfano  figure embl√©matique du foot rugueux du grand Sporting et de la mentalit√© toulonnaise ,Var_Matin,Mon Oct 26 12:42:30 CET 2020,2
1.32068097944342E+032,Luigi,En fait  je trouve √ßa dommage que luigi's mansion tout court soit si peu repr√©sent√© dans smash Enfin...On a un stage  2 attaques de luigi et des esprits en r√©f√©rences au jeu mais en vrai il pourrait y avoir tellement plus...Comme pour paper mario quoi  sous-repr√©sent√©,kirua_is_hot,Mon Oct 26 11:57:37 CET 2020,0
1.3206806374063E+031,Luigi,J'aimerais √©norm√©ment moi aussi mais en vrai j'ai du mal √† croire qu'un jour il viendra dans smash Dans sa version luigi's mansion c'est clairement mon perso favori avec harmonie de l'univers mario  dommage qu'il soit toujours pas dans smash,kirua_is_hot,Mon Oct 26 11:56:15 CET 2020,4
1.32067756690732E+032,Luigi,Asmr Luigi on conna√Æt,FlorianAbbonato,Mon Oct 26 11:44:03 CET 2020,2
1.32067541257863E+032,Luigi,Euuh King Boo c'est quand m√™me loin d'√™tre une id√©e troll comme la plante.C'est litt√©ralement le Bowser de Luigi ,MadnessPlaysTV,Mon Oct 26 11:35:29 CET 2020,2
1.32066802073853E+032,Luigi,H√© ponchour !  Comment √ßa va les gens ?  On est lundi  d√©but de semaine qui commence sur les chapeaux d‚Äôroues  Ay√©  j‚Äôai repris du service  En tous cas  comme l‚Äôa dit Luigi de la Team on garde la banane (va falloir que j‚Äôen rach√®te tiens)  ,iRandyMac,Mon Oct 26 11:06:07 CET 2020,4
1.32066570380082E+032,Luigi,Les costumes et la mise en sc√®ne sont top mais les combats sont merdiques et le sc√©nario d√©forme l'histoire pour se conformer au roman national allemand.,luigi_sgl,Mon Oct 26 10:56:55 CET 2020,2
1.32066483405735E+032,Luigi,Le gouvernement wallo-bruxellois se rend compte qu'il a mal (pas) organis√© le d√©confinement. Et que c'est la catastrophe.  Bref  c'est comme sur le Titanic  . Les chinois se marrent. ,luigi_metro,Mon Oct 26 10:53:27 CET 2020,0
1.32066351623639E+032,Luigi,Du coup en ajoutant Luigi √ßa fait de belles ventes quand m√™me,HtuagG,Mon Oct 26 10:48:13 CET 2020,4
1.32066336868085E+032,Luigi,La version Mario est disponible en trois fois plus d‚Äôexemplaires que la version Luigi  c‚Äôest normal. La plupart des gens prennent le perso de base.,NintendHOME,Mon Oct 26 10:47:38 CET 2020,2
1.32066048678294E+032,Luigi,Momo a copi√© une grande partie de la bible dans son coran. Et pour ne pas dire qu'il a plagi√©  il a dit que c'√©tait dieu qui lui avait souffl√© cela √† l'oreille.  D√®s le d√©part  c'√©tait de la triche.  Les tricheurs ont adopt√© tout de suite.,luigi_metro,Mon Oct 26 10:36:11 CET 2020,0
1.32066015902742E+032,Luigi,Oh je comprend en tout cas tu es une personne merveilleux ne change rien t‚Äôes parfait je t‚Äôaspire beaucoup pour ce que tu es ! J‚Äôesp√®re pouvoir te rencontrer un jour t‚Äôes le meilleur !!!! ‚ù§Ô∏è,fan_romano,Mon Oct 26 10:34:53 CET 2020,4
1.32072910090707E+018,NBA,Suis KO eh ta grosse barbe l√† ram√®ne nous la bague stp et arr√™te de faire  joujou avec du sable mdrrr faut retourner au charbon l√† t trop √† l'aise ,OG_Woosh,Mon Oct 26 15:08:50 CET 2020,2
1.32072895562487E+018,NBA,C'est un grand oui !,Nba_nat_france,Mon Oct 26 15:08:15 CET 2020,4
1.32072877826031E+018,NBA,aaah avec lilian dans la cit√© ouais il est dar,ElChicken927,Mon Oct 26 15:07:33 CET 2020,4
1.32072841690422E+018,NBA,Si c‚Äôest subtil comme la NBA why not mais JAMAIS comme en Europe,wilbynus,Mon Oct 26 15:06:07 CET 2020,2
1.32072797479104E+018,NBA,Je suis tranquille a priori  oui ,ShaiMamou,Mon Oct 26 15:04:21 CET 2020,4
1.32072784743942E+018,NBA,Vous n'allez pas √™tre nombreux !,Nba_nat_france,Mon Oct 26 15:03:51 CET 2020,0
1.32072742474158E+018,NBA,Et Jordan a fait de la NBA ce qu'elle est ajd m√©diatiquement  en terme de notori√©t√© et merchandising. C'est lui le pionnier.LeBron en a profit√© derri√®re,VincentSuau,Mon Oct 26 15:02:10 CET 2020,2
1.32072737328166E+018,NBA,Et pour les nerds de la NBA  le compte Instagram de est tellement cool ,JeanAbbiateci,Mon Oct 26 15:01:58 CET 2020,4
1.32072717985719E+018,NBA,Il y a 36 ans  Michael Jordan faisait ses d√©buts en NBA pour les Chicago Bulls :16 PTS6 REB7 AST4 BLK2 STL,Analyste_NBA,Mon Oct 26 15:01:12 CET 2020,2
1.32072676707474E+018,NBA,Faut √™tre absolument debile  et avoir commenc√© √† regarder la NBA en 2010 pour penser que les sonics de Payton  Sam Perkins et Shawn Kemp ne pourrait pas battre les spurs 2014.,IamYann_Yann,Mon Oct 26 14:59:33 CET 2020,0
1.32072674895529E+018,NBA,De toute fa√ßon ,nba_chill,Mon Oct 26 14:59:29 CET 2020,2
1.32072642650142E+018,NBA,La vraie d√©finition de manger gucci : ,nba_chill,Mon Oct 26 14:58:12 CET 2020,2
1.32072635766028E+018,NBA,Pas tous les soirs (bah d√©j√† parce que parmi les √©quipes NBA  y'a les Clippers)  mais souvent  comme LeBron en fait,MMonteil11,Mon Oct 26 14:57:56 CET 2020,2
1.32072567189583E+018,NBA,Fournier ne veut pas passer √† c√¥t√© des JO 2021 ,Sport_fr_basket,Mon Oct 26 14:55:12 CET 2020,2
1.32072486264676E+018,NBA,Nagato moy mbourou dih yow tu me prends trop pour une bite,nba_mb,Mon Oct 26 14:51:59 CET 2020,0
1.32072472251509E+018,NBA,J‚Äôaime bien ta bouche sur le bout de ma haaaaaa he,Myyrr_,Mon Oct 26 14:51:26 CET 2020,4
1.32072440847919E+018,NBA,J‚Äôaime bien quand on est 2 ,nba_chill,Mon Oct 26 14:50:11 CET 2020,4
1.32072404805004E+018,NBA,Excellente dataviz pour comprendre la transformation du jeu NBA en quinze ans  l'h√©g√©monie du tir √† 3 points (pas merci Curry) et la quasi-disparition du jeu √† mi-distance cher √† Michael Jordan (‚ù§Ô∏è Jimmy Butler) ,JeanAbbiateci,Mon Oct 26 14:48:45 CET 2020,4
1.32072391090473E+018,NBA,Jordan individuellement est le plus fort et d√®s qu'il s'agit de finales  il n'a jamais perdu  finale NCAA (clutch)  Finales Olympiques (2 victoires)  6 finales NBA toutes gagn√©es et MVP. Lebron est exceptionnel mais Jordan est hors concours!,BasketOldSchool,Mon Oct 26 14:48:12 CET 2020,4
1.320723375938E+018,NBA,Ptdr cette √©mission c‚Äôest incroyable,nba_chill,Mon Oct 26 14:46:05 CET 2020,4
1.32072334340283E+018,NBA,Juste pour le fait que lebron va en final nba 10ans de suite( avec quelques fois des branquignoles avec lui)   √ßa me choque pas de voir des gens mettre lebron top 1 et √ßa se comprend,Youssxf,Mon Oct 26 14:45:57 CET 2020,2
1.32072263946841E+018,NBA,Le premier je m‚Äôen souviens plus ptn et oui le deux il est grv bien,Myyrr_,Mon Oct 26 14:43:09 CET 2020,4
1.32072260741983E+018,NBA,Et ¬´mon fils est devenu raciste ¬ª,nba_chill,Mon Oct 26 14:43:02 CET 2020,0
1.32072254121698E+018,NBA,Malheureusement  il y aura toujours le d√©bat sur le niveau de  de la NBA entre la p√©riode de Jordan et celle de Lebron... J'ai pas l'impression que Lebron ait √©t√© autant maltrait√© Jordan √† son √©poque. Quel est l'√©quivalent des pistons aujourd'hui ?,StanMendy,Mon Oct 26 14:42:46 CET 2020,0
1.32072242693478E+018,NBA,tout ce que j‚Äôai √† dire aujourd‚Äôhui c‚Äôest que mon GOAT ne s‚Äôest jamais fait fumer en Finales NBA par JJ Barea.,Nry_xo,Mon Oct 26 14:42:19 CET 2020,4
1.32072211551605E+018,NBA,LA NBA REVIEN LE 22 D√âCEMBRE YESS PTN (TELENET UN PEU) ,airkely94,Mon Oct 26 14:41:04 CET 2020,4
1.32072163127952E+018,NBA,ptdrrrrr c la que tu vois que les mentalit√©s des joueurs de NBA sont meilleures que les vendus d‚Äôici ,JonnyBelAir,Mon Oct 26 14:39:09 CET 2020,2
1.32072150870519E+018,NBA,Ouiiii je veux ü§ß,Myyrr_,Mon Oct 26 14:38:40 CET 2020,2
1.32072150713653E+018,NBA,89 et toi,nba_chill,Mon Oct 26 14:38:39 CET 2020,2
1.32072136457208E+018,NBA,Tu veux √™tre ma gogo danseuse comme Julio ?,nba_chill,Mon Oct 26 14:38:05 CET 2020,0
1.32072128217504E+018,NBA,Laissez les ils croient que lbj a jou√© 10 finals en mangeant des tacos  lebron domin√© presque tout les stats des plays off et NBA finals  mais bref mj a 6bague,BOULEDEGRAISSE_,Mon Oct 26 14:37:46 CET 2020,4
1.32072031395354E+018,NBA,Oui √©galement pas ¬´¬†surtout¬†¬ª,Myyrr_,Mon Oct 26 14:33:55 CET 2020,2
1.32072027845706E+018,NBA,T‚Äôes un lave vaisselle tu parles de dick,nba_chill,Mon Oct 26 14:33:46 CET 2020,0
1.32071995395218E+018,NBA,On sait jamais,Jadeemcn,Mon Oct 26 14:32:29 CET 2020,2
1.32071983961547E+018,NBA,Elle est trop belle surtout ouais,nba_chill,Mon Oct 26 14:32:02 CET 2020,4
1.32071945542563E+018,NBA,Jordan avec un supporting cast 0 c'est premier tour max. Dans une NBA o√π il est all√© en payoffs avec 32 wins ,MAH3RY_,Mon Oct 26 14:30:30 CET 2020,2
1.32071909017296E+018,NBA,Mdrrr bah justement enfoire !!! Ils ont coup√© la finale de la NBA en live pask il fesai un tour sur l autoroute avec un flingue sur sa rampe,NasLennon,Mon Oct 26 14:29:03 CET 2020,0
1.32071846386279E+018,NBA,Oui √©videmment ils on tous un terrain de foot chez eux je regarde pas la nba donc √ßa m'interesse pas,AdhJojo,Mon Oct 26 14:26:34 CET 2020,0
1.32071797825042E+018,NBA,c‚Äôest des athletes de haut niveaux ? Ils peuvent se preparer physiquement chez eux malgre le confinement ? Ils ont fait comment en NBA ? Eux qui joue tous les 2 joursü§°,Marseille0lymp,Mon Oct 26 14:24:38 CET 2020,2
1.3207178991039E+018,NBA,Donc l√† on a un gars qui a mis LeBron n¬∞1 all-time  et cette personne repr√©sente l'un des plus gros m√©dias basket fr ! Suivez Actus NBA c'est mieux je pense,CPolisto,Mon Oct 26 14:24:19 CET 2020,0
1.32071766212576E+018,NBA,Donc l√† on a un gars qui a mis LeBron n¬∞1 all-time  et cette personne repr√©sente l'un des plus gros m√©dias basket fr ! Suivez Actus NBA c'est mieux je pense,coco8grillo,Mon Oct 26 14:23:23 CET 2020,0
1.32073056905196E+018,Playstation,J'suis un pilote mais mon v√©hicule m'a l√¢ch√© ,KyloWayne_fcb,Mon Oct 26 15:14:40 CET 2020,0
1.32073031363138E+018,Playstation,Gneu gneu Centre FC ,Weezyinho,Mon Oct 26 15:13:39 CET 2020,0
1.32072982578352E+018,Playstation,...Laissez-moi tranquille...,metyst_erious,Mon Oct 26 15:11:43 CET 2020,0
1.32072935431435E+018,Playstation,boh c'est pas des Playstation qui vont prendre de la valeur... Encore moins la PS2,TITANMusic17,Mon Oct 26 15:09:50 CET 2020,0
1.3207292000353E+018,Playstation,Absolument pas. Le grecs n'√©taient pas blancs d'ailleurs. Toi aussi  remballe ta science  weeboy: je suis docteur en histoire  pas fan de playstation/mangas ninimp' qui fait le show en avatar de tweeter parce que c'est comme √ßa dans assassin's creed.,Malkavian_81,Mon Oct 26 15:09:13 CET 2020,0
1.3207282873296E+018,Playstation,Du pinceau au sabre : les illustrations qui ont donn√© vie √† Ghost of Tsushima ,VeilleJv,Mon Oct 26 15:05:36 CET 2020,2
1.32072670832511E+018,Playstation,Moi j‚Äôai un probl√®me avec les pr√©commandes de Cold War sur PlayStation.J‚Äôaimerais le payer moins cher donc en CD mais il est pas Crossgen. Le jeu sort le 13 et la PS5 le 19 donc si je le prend sur PS5 je pourrais jouer que 6 jours apr√®s et si je prends sur PS4 c‚Äôest mort ,SkyWaxer,Mon Oct 26 14:59:19 CET 2020,0
1.32072626468942E+018,Playstation,Pour ma pars je vais plut√¥t sur une PlayStation 5 mais une Xbox s√©ries X pourquoi pas..!,maxutiels,Mon Oct 26 14:57:34 CET 2020,4
1.32072562067497E+018,Playstation,Consulter ma diffusion depuis ma PlayStation 4 ! (Genshin Impact)  live at ,Fossoyeur08700,Mon Oct 26 14:55:00 CET 2020,2
1.32072495263981E+018,Playstation,Et  je rajouterais bien  pour son c√¥t√© √©ducatif sur les r√©alit√©s des d√©veloppement de syst√®mes programmables. ,pypebros,Mon Oct 26 14:52:21 CET 2020,2
1.3207247967333E+018,Playstation,R6 et ces bugs ,LambertNo3,Mon Oct 26 14:51:44 CET 2020,0
1.32072433226867E+018,Playstation,Bah chaipas je vois le logo playstation et le jeu le plus attendu c cyberpunk,Jaouane7,Mon Oct 26 14:49:53 CET 2020,2
1.32072407439454E+018,Playstation,Consulter ma diffusion depuis ma PlayStation 4 ! (FINAL FANTASY XV)  live at ,pinheiroludovi1,Mon Oct 26 14:48:51 CET 2020,2
1.32072382087383E+018,Playstation,Boucherie,DrReyes12502015,Mon Oct 26 14:47:51 CET 2020,2
1.32072356045803E+018,Playstation,Faites le premier pas et tentez de dominer la comp√©tition sur FIFA 20 dans les tournois PS4 Open Series !Inscrivez-vous vite ici : ,TournoisPS4FR,Mon Oct 26 14:46:49 CET 2020,2
1.32072274419197E+018,Playstation,Tres bon jeu je vous remercie Sissoko est bien connu pour se teleporter,dzekofut,Mon Oct 26 14:43:34 CET 2020,0
1.32072215392756E+018,Playstation,Superbe sujet de sur la communication des  ( ouai √ßa existe pas comme mot  mais √ßa sonne bien!! ) Dans le Journal de @JVCom.Sur  Petite vid√©o de la pub qui m'a le plus marqu√© a l'√©poque.,Shoku_Soma,Mon Oct 26 14:41:13 CET 2020,4
1.32072180438684E+018,Playstation,r√©action √©pique,DrReyes12502015,Mon Oct 26 14:39:50 CET 2020,2
1.32072134381872E+018,Playstation,Petit entra√Ænement double edit pour se r√©veiller,SoumetToiNan,Mon Oct 26 14:38:00 CET 2020,2
1.3207206082426E+018,Playstation,Ben dire une fois que j'ai termin√© mon jeux je n'y reviendrai jamais donc aucun int√©r√™t la r√©tro-compatibilit√©.Ah  Merci PlayStation de mettre √† jour nos super jeux  je vais pouvoir le refaire une 4√®me fois.√áa s'appelle bien un retournement de veste  ou une girouette.,Val3ntin38,Mon Oct 26 14:35:05 CET 2020,0
1.3207205461963E+018,Playstation,: 75 ‚Ç¨ √† gagner sur le STORE ( ou )  Facile et gratuit ! ,PLAYSTA46870413,Mon Oct 26 14:34:50 CET 2020,2
1.32072044041158E+018,Playstation,Review de Mamorukun Curse (2011  PlayStation 3) sur Jeux vid√©o et des bas.Les shoot'em up p√©destres  c'est le pied !,jvetdb,Mon Oct 26 14:34:25 CET 2020,4
1.32072018223973E+018,Playstation,Si tu vis en Frabce tu fait parti du soi disant probl√®me. Ca manifeste pour la palestine le cul sur le canap√© en jouant √† la playstation au chaud en France aux frais de la princesse. Laisse moi rire.,BalianNorth,Mon Oct 26 14:33:23 CET 2020,0
1.32071952422473E+018,Playstation,Consulter ma diffusion depuis ma PlayStation 4 ! (Rocket League¬Æ)  live at ,MonoxyTray,Mon Oct 26 14:30:47 CET 2020,2
1.32071879474305E+018,Playstation,. L‚ÄôAutorit√© estime que les engagements propos√©s par ne r√©pondent pas de fa√ßon pertinente aux pr√©occupations de concurrence identifi√©es. Le dossier est renvoy√© √† l‚Äôinstruction. En savoir plus,Adlc_,Mon Oct 26 14:27:53 CET 2020,0
1.32071847921809E+018,Playstation,Consulter ma diffusion depuis ma PlayStation 4 ! (DayZ)  live at ,TLS_Pragma,Mon Oct 26 14:26:37 CET 2020,2
1.32073709577066E+018,Apple,Une liste non exhaustive si tu veux des marques qui profitent du travail forc√© des ou√Øgours : ,maxome19,Mon Oct 26 15:40:36 CET 2020,0
1.32073707458107E+018,Apple,‚ñ™Ô∏è#LesC≈ìursSouverains Tome 1‚ñ™Ô∏è~~~‚û°Ô∏è En vente sur :etc.‚û°Ô∏è EBook √† 2 99‚Ç¨‚û°Ô∏è ~~~Avec ,LCS_1_2_3,Mon Oct 26 15:40:31 CET 2020,2
1.32073691195107E+018,Apple,y‚Äôen a qui consid√®rent apple comme un flop et c‚Äôest pour √ßa que vous m√©ritez pas les gg,aktszki,Mon Oct 26 15:39:52 CET 2020,0
1.32073677339226E+018,Apple,Une t√©l√© de belle taille pour brancher mon Apple TV ou un MacBook Air ou pro 2020,cerbereBZH,Mon Oct 26 15:39:19 CET 2020,4
1.32073673745541E+018,Apple,Des EarPods ou Apple Watch √ßa irait tellement bien avec mon iPhone 12ü•∞,Labrute7,Mon Oct 26 15:39:10 CET 2020,4
1.32073672296417E+018,Apple,8 Plus,Gabrielgvps,Mon Oct 26 15:39:07 CET 2020,2
1.32073665947492E+018,Apple,L'ann√©e derni√®re apple livrait ses iPhones 11 avec c√¢ble Lightning vers USB classique (qui se connecte au PC) + prise secteur classique.A pr√©sent il est livr√© avec un c√¢ble Lightning vers USB C (qui se connecte sur certains pc ayant le port Type C) sans prise murale,iBryan57,Mon Oct 26 15:38:52 CET 2020,0
1.32073662472514E+018,Apple,Facebook apporte le streaming ‚Äú instantan√© ‚Äù pour les jeux mobiles  √©vite l‚ÄôiPhone¬†d‚ÄôApple ,Crumpemag,Mon Oct 26 15:38:44 CET 2020,0
1.32073660294833E+018,Apple,Parker Posey  Aubrey Plaza  Fiona Apple.,Hymenoptera79,Mon Oct 26 15:38:38 CET 2020,2
1.32073652044217E+018,Apple,T‚Äôes chez Apple Chlo√© tu t‚Äôattendais √† quoi.,mais_diit,Mon Oct 26 15:38:19 CET 2020,0
1.32073644702509E+018,Apple,Si vous voulez que vos oreilles aient un orgasme : ,nebulxusrecords,Mon Oct 26 15:38:01 CET 2020,4
1.32073631631374E+018,Apple,C'√©tait l'occasion pour moi de me frotter √† Android apr√®s des ann√©es d'Apple et d'iPhone  autant dire que pour l'instant  je suis loin d'√™tre convaincu. J'ai mes contacts   mais ils ne sont pas disponibles dans l'application  de base du Smartphone.,Mythrandil,Mon Oct 26 15:37:30 CET 2020,0
1.32073628652168E+018,Apple,Bonjour  nous sommes THOR Technologie. Nous sommes sp√©cialis√©e dans la maintenance et l‚Äôentretien de vos appareils Apple d√©fectueux. Passez nous voir √† Cocody 2 Plateaux Vallons ,TechnologieThor,Mon Oct 26 15:37:23 CET 2020,2
1.32073627922351E+018,Apple,Comme moi qui boycotte Apple ,pingu557,Mon Oct 26 15:37:21 CET 2020,0
1.32073574995687E+018,Apple,Impossible d‚Äôavoir une r√©ponse qui fait avancer.  Envoy√© d‚Äôun service √† un autre et j‚Äô√©coute de la musique sur mon t√©l√©phone. Incroyable incomp√©tence de service √† la client√®le.  ,toubib998,Mon Oct 26 15:35:15 CET 2020,0
1.32073563816197E+018,Apple,Dinguerie comment ce son a pas tourner partout alors que c‚Äôest le feu ‚Å¶@nadjeeofficiel‚Å©   ,z_fighterr,Mon Oct 26 15:34:48 CET 2020,4
1.32073558422317E+018,Apple,Veut passer la journ√©e dans mon lit √† l‚Äô√©couter  ,_karimaru_,Mon Oct 26 15:34:36 CET 2020,4
1.32073558161848E+018,Apple,Apr√®s pour 180‚Ç¨ pourquoi pas  au pire des cas si tu vois que √ßa te pla√Æt pas  l√† revente est assez facile je pense vu que c‚Äôest Apple,SBMP_Whisky,Mon Oct 26 15:34:35 CET 2020,4
1.32073516730935E+018,Apple,: chez ou ? ,unificationfr,Mon Oct 26 15:32:56 CET 2020,2
1.32073507259355E+018,Apple,Perso je les ai pris parce qu‚Äôil y avait de la r√©duction de bruit. Rien √† redire de ce c√¥t√© l√† ils sont top ! Avec iOS 14 Apple met en avant l‚Äôaudio spatial une fratrie grave cool pour se mettre en immersion dans les films etc... je recommande !,Konbuscus,Mon Oct 26 15:32:34 CET 2020,4
1.32073497441328E+018,Apple,Qui serait int√©ress√© √† partager des activit√©s sportifs sur sa Apple Watch ?,mamounchi,Mon Oct 26 15:32:10 CET 2020,2
1.32073496496771E+018,Apple,Depuis la derni√®re grosse maj Apple a introduit la fonction raccourci qui permet de cr√©er des actions rapides ex√©cutables de mani√®re manuelle ou automatique. C‚Äôest hyper pratique quand tu veux faire des choses inaccessible sur iPhone comme t√©l√©charger une vid√©o sur Twitter,ilcanepazzzo,Mon Oct 26 15:32:08 CET 2020,4
1.32073476490783E+018,Apple,Remontada de l‚Äôann√©e  ,qesaco__,Mon Oct 26 15:31:20 CET 2020,2
1.32073460653507E+018,Apple,Balados ¬´ACPM: D'un point de vue pratique¬ª: Maintenant accessibles sur les plateformes suivantes ¬∑ Apple Podcasts ¬∑ SimpleCasts ¬∑ Spotify Restez au fait des derniers d√©veloppements gr√¢ce √† la seule s√©rie de balados m√©dico-l√©gales du Canada! Liens : ,ACPMmembres,Mon Oct 26 15:30:42 CET 2020,2
1.32073432219485E+018,Apple,J‚Äôai Apple Tv+ gratuit jusqu‚Äô√† 2022 mais wsh tous les films sont payant en + de l‚Äôabonnement ???,wxcyj,Mon Oct 26 15:29:35 CET 2020,0
1.32073377474168E+018,Apple,√Ä MINUIT LA PRISON M‚ÄôAPPELLE ,Davit_V,Mon Oct 26 15:27:24 CET 2020,0
1.32073334872202E+018,Apple,Merci !!,QuentinCougniot,Mon Oct 26 15:25:43 CET 2020,4
1.32073319797454E+018,Apple,Un lundi c‚Äôest la pire journ√©e en plus!,claupref,Mon Oct 26 15:25:07 CET 2020,0
1.32073273608521E+018,Apple,Hypocrites!!!! ,boxmontessori,Mon Oct 26 15:23:16 CET 2020,0
1.32073208416874E+018,Apple,L‚Äôalgo d‚ÄôApple il est ultra pr√©cis jsuis grave mort ,KowDady,Mon Oct 26 15:20:41 CET 2020,4
1.32073199708239E+018,Apple,Jte donnerais mon coeur sans soucis  ,__Nastas,Mon Oct 26 15:20:20 CET 2020,4
1.32073185793221E+018,Apple,la batterie de mon apple watch on en parle ???,CarluLysa,Mon Oct 26 15:19:47 CET 2020,0
1.32073179014387E+018,Apple,Incroyable  ,Mickaella_Emily,Mon Oct 26 15:19:31 CET 2020,4
1.32073161497294E+018,Apple,Bonne nouvelle : les Apple AirTags devraient finalement √™tre d√©voil√©s en novembre ,TechradarFrance,Mon Oct 26 15:18:49 CET 2020,4
"1,33742462671305E+018",PS5,Fait notable : les ventes de jeux (physique + digital) ont bondi en novembre de 32% au Royaume-Uni  23% en Allemagne et... baiss√© de 0 5% en France. Clairement  l'effet de la fermeture des magasins et des rayons jeux vid√©o avec le reconfinement. ,W_Chloe,Fri Dec 11 16:50:53 CET 2020,0
"1,33742461099697E+018",PS5,Normal il va falloir attendre les vraie versions PS5/XSX pour vraiment comparer au PC  pour l instant cela ne veut rien dire,FIXCOLIN,Fri Dec 11 16:50:50 CET 2020,2
"1,33742442903543E+018",PS5,: Double meilleur lancement de l'histoire aux √âtats-Unis selon NPD ,Gameblog,Fri Dec 11 16:50:06 CET 2020,4
"1,3374242844117E+018",PS5,Il va vraiment y avoir du stock de PS5 aujourd‚Äôhui ? @?La touche F5 est en train de l√¢cher,LaurentXueref,Fri Dec 11 16:49:32 CET 2020,0
"1,33742417409713E+018",PS5,Comment on fait pour faire passer un jeu ps4 en mode ps5?,Abderzak02,Fri Dec 11 16:49:05 CET 2020,2
"1,33742391282575E+018",PS5,Oui bah j'aimerais bien avoir ma ps5  pour pouvoir y jouer ,ESCANOR_N7,Fri Dec 11 16:48:03 CET 2020,0
"1,33742387655339E+018",PS5,Je vais jouer sur pc √©galement mais la ps5 par exemple est l argement capable de faire tourn√© cyberpunk avec des bon fps...,Shadow28293382,Fri Dec 11 16:47:54 CET 2020,4
"1,33742386114769E+018",PS5,Merci des jeux qui sortiront dans 2/3 ans. Heureusement que ma ps5 me permet de jouer √† demon souls et Spiderman,SolidGeralt,Fri Dec 11 16:47:51 CET 2020,4
"1,33742382697251E+018",PS5,Ptdrrr Futchamp sur ps5 c'est un sketch,leandroalvs98,Fri Dec 11 16:47:43 CET 2020,0
"1,33742367645573E+018",PS5,au fait  tu as pu avancer dans cette merveille qu'est Uncharted 4 ?D√©j√† que le jeu est super beau  alors sur PS5 Je te mets une des grosses musiques des chapitres les plus difficiles (l√† o√π on sent force du gameplay tr√®s infiltration),BenhammouCom,Fri Dec 11 16:47:07 CET 2020,4
"1,33742367097375E+018",PS5,L‚Äôes mec pc l√† il sont en confiance att que tout le monde et la ps5 la vie il vont b√©gay√©,Allrushhh,Fri Dec 11 16:47:05 CET 2020,2
"1,33742354499358E+018",PS5,Si vous √™tes sur PS 4  laissez tomber c'est une cata. Le jeu tourne super mal. A voir sur PS5.,Boule2Mousse,Fri Dec 11 16:46:35 CET 2020,0
"1,33742349950641E+018",PS5,√áa va finir comme ta ps5 ,Sim_Frcs,Fri Dec 11 16:46:25 CET 2020,2
"1,33742348977143E+018",PS5,T'es fi√®re de toi ? Ta juste branler ta touche F5 gar√ßon  m√™me un √©cervel√© peut le faire ! Et je voit pas en quoi la PS5 a un rapport avec le tweet actuel ?,akhy_ryan69,Fri Dec 11 16:46:22 CET 2020,0
"1,33742344023672E+018",PS5,bonjour ma ps4 a rendu l'ame juste apr√®s la fin de la garantie et je pense que je suis pas pr√®s de voir une ps5 Vous pourriez m'aider ? ‚ù§,JWayzs,Fri Dec 11 16:46:10 CET 2020,0
"1,33742481130856E+018",PS5,Ben perso j'ai craqu√© pour version ultimate ps5 juste pour rambo  mais aucun regret le jeu est top,treize6251,Fri Dec 11 16:51:37 CET 2020,4
"1,3374304323386E+018",nba,Atlanta/Brooklyn  KD  Kyrie  Trae Young √† l‚Äô‚Å¶@Accor_Arena‚Å© √ß‚Äôaurait √©t√© le feu see you soon ‚Å¶‚Å¶@NBAFRANCE‚Å©  ,SineuxGuillaume,Fri Dec 11 17:13:57 CET 2020,4
"1,33743162306796E+018",ps4,La sale qualit√© du GIF... s√ªr que c'est pas tir√© de la version PS4 de Cyberpunk ?,jean_kanar,Fri Dec 11 17:18:41 CET 2020,0
"1,33743216675455E+018",asso,C‚Äôest une grosse horreur de voir √ßa !!!,janetjanet1,Fri Dec 11 17:20:51 CET 2020,0
"1,3374316198048E+018",asso,je ne pinaille pas Benjamin  mais l'erreur qu'il fait est la m√™me que celle de l'observatoire de la la√Øcit√© ou de l'asso coexister  ma r√©f√©rence dans ce domaine c'est Henri Pena-Ruiz.,sylviedebiga,Fri Dec 11 17:18:41 CET 2020,0
"1,33743159371204E+018",asso,Envoy√©s des RERD l√† y‚Äôen n‚Äôa pas assez !!!!! Et beaucoup trop de monde pour si peu de trains !!!!!! R√©agissez au lieu de parler !!!,janetjanet1,Fri Dec 11 17:18:34 CET 2020,0
"1,33743113370594E+018",asso,Au magasin ajd ya une petite mamie qui a fait un caddy de courses entier pour une asso qui lutte contre la pr√©carit√© √©tudiante ! Gros ü§ç sur elle,dubuisson_loic,Fri Dec 11 17:16:45 CET 2020,4
"1,33743103752637E+018",asso,3. Vu que Conflans est sur 2 axes (Mantes et Gisors)  comment on comptera pour les usagers de cette gare ?,HStphan,Fri Dec 11 17:16:22 CET 2020,2
"1,33743085246526E+018",asso,Demain participera notre Pr√©sident au sur le tournoi ainsi que pour la pause de midi avec un stream toujours sur le jeu ! ,FivesTv_Asso,Fri Dec 11 17:15:38 CET 2020,4
"1,33743062251249E+018",asso,Lance une cagnotte lichee pour les sdf  on reverse tout √† l‚Äôasso Douceurs Urbaines  asso marseillaise d‚Äôun pote √† moi qui organise des maraudes fr√©quemment. ,Qdp___,Fri Dec 11 17:14:43 CET 2020,2
"1,33743010845448E+018",asso,ü§ù Nous sommes ravis d'accueillir et d'accompagner les futurs projets de @Prefet972  @asso_jetsdencre  la Ville d'Ar√®s  @UnivAngers  la Ville de Millau  et l' De beaux projets √† venir pour 2021 !,CapCollectif,Fri Dec 11 17:12:40 CET 2020,4
"1,33742994415519E+018",asso,Echanges tr√®s riches avec les √©quipes p√©dagogiques (FI & FC) dans le cadre de la ballade multimodale normande organis√©e par #multimodalit√© dans les m√©tiers (H/F) de l'industrie,jeanvds,Fri Dec 11 17:12:01 CET 2020,4
"1,33743275414587E+018",sexion,Sexion d‚Äôassaut avec ma grosse l‚Äôann√©e prochaine ,Berangereee_,Fri Dec 11 17:23:11 CET 2020,2
"1,33743273903384E+018",sexion,Bon maintenant qu‚Äôon a eu le retour de sexion d‚Äôassaut je veux le retour de diam‚Äôs svp,ruinialler,Fri Dec 11 17:23:07 CET 2020,2
"1,33743264416702E+018",sexion,Au concert de sexion d'assaut en septembre 2021 ‚úã,ICRY4LIAM,Fri Dec 11 17:22:45 CET 2020,4
"1,33743249961877E+018",sexion,JAI MA PLACE POUR LA SEXION,MaximeMiask,Fri Dec 11 17:22:10 CET 2020,4
"1,33743247837464E+018",sexion,qui vient avec moi voir sexion d‚Äôassaut ???,chlo_rth,Fri Dec 11 17:22:05 CET 2020,4
"1,33743218320886E+018",sexion,Bon qui vient avec moi le 11 d√©cembre 2021 voir sexion √† Amneville ? ,iFlashLikeAStar,Fri Dec 11 17:20:55 CET 2020,4
"1,33743217153187E+018",sexion,Je tiens √† dire que j‚Äôai mes places pour sexion d‚Äôassaut‚ò∫Ô∏è,laliamiabernard,Fri Dec 11 17:20:52 CET 2020,4
"1,33743210886063E+018",sexion,bon parlons s√©rieusement qui a command√© des places sur la wati billetterie pour le retour de la sexion l√†,Ludolbr,Fri Dec 11 17:20:37 CET 2020,2
"1,33743209186111E+018",sexion,√áa va √™tre chelou sexion d‚Äôassaut sans WATI B,Renatoo270,Fri Dec 11 17:20:33 CET 2020,0
"1,33743207251282E+018",sexion,Si vous chercher une place pour la SEXION. en fosse OR aller voir √ßa avec !!!!,PIZZANDCO_,Fri Dec 11 17:20:29 CET 2020,4
"1,33743336301205E+018",belgique,Il est en Belgique. Ils ne peuvent pas faire grand chose Loulou. ,M0rgan86,Fri Dec 11 17:25:36 CET 2020,0
"1,33743415753069E+018",Informatique,Cher Papa No√´l  Cette ann√©e j‚Äôai √©t√© tr√®s sage  je suis sur le point de finir mes √©tudes de BTS en Informatique et j‚Äôaimerais pouvoir me faire un plaisir mais je n‚Äôai pas les moyens. Serait-il possible d‚Äôavoir un MacBook ou Ordinateur Portable ? Merci d‚Äôavance !,Geoff_GN,Fri Dec 11 17:28:46 CET 2020,4
"1,33743369820826E+018",Informatique,apres t'abuses aussi mon reuf le bg au dessus a dit qu'il travaillait dans l'informatique et si tu t'y connais un minimum tu sais qu'il ne faut pas forcement avoir des contacts pour faire de l'argent surtout en info,maiscestpas,Fri Dec 11 17:26:56 CET 2020,0
"1,33743348479787E+018",Informatique,QUI EST FORT EN INFORMATIQUE ICI L√Ä,hazardinhio,Fri Dec 11 17:26:05 CET 2020,2
"1,33743325552458E+018",Informatique,Lors de la semaine europ√©enne de la r√©duction des d√©chets  la √† La R√©union s‚Äôest engag√©e en offrant l'ensemble de son mobilier et de son mat√©riel informatique √† l'association afin qu‚Äôil soit valoris√© et r√©employ√©.‚ôªÔ∏è,CE_CEPAC,Fri Dec 11 17:25:11 CET 2020,4
"1,33743230661787E+018",Informatique,Vend√©e Globe. Priv√© d‚Äôinformatique et de pr√©visions m√©t√©o  abandonne ,Voiles_Voiliers,Fri Dec 11 17:21:24 CET 2020,0
"1,33743153580126E+018",Informatique,L'IA pourrait remplacer l'Homme dans le secteur de la cybers√©curit√© d'ici 2030 ,TechradarFrance,Fri Dec 11 17:18:21 CET 2020,2
"1,3374315297571E+018",NVIDIA,Bonsoir  la qualit√© 1080p est √©galement disponible en LIVE pour + de 70 cha√Ænes sur la NVIDIA Shield  sur A LA DEMANDE pour les contenus √©ligibles et la 4K est en route. ,InfoAbonneCanal,Fri Dec 11 17:18:19 CET 2020,2
"1,33743136216123E+018",NVIDIA,C'est normal je crois parce que en 1080p le DLSS va trouver un r√©solution + basse  donc ca pix√©lise :/Il n'y a pas ce soucis en 1440p (de mon c√¥t√©)  essaie d'ajouter de la nettet√© sur le panel NVIDIA  ca aide bcp,McSkyzyoutube,Fri Dec 11 17:17:39 CET 2020,4
"1,33742977881574E+018",NVIDIA,Oui quelle qualit√© est accessible sur my canal via une nvidia shield ?? et de plus est-il possible de voir dans quelle qualit√© on est sur l'appli?,Fl0_Vincent,Fri Dec 11 17:11:22 CET 2020,2
"1,33742558874799E+018",NVIDIA,Oui ! De nvidia 5euros par mois pour le moment  dispo en gratuit mais avec fil√© d'attente,recbdx,Fri Dec 11 16:54:43 CET 2020,2
"1,33742312114667E+018",NVIDIA,Bonjour  avez-vous une question en particulier sur myCANAL via la NVIDIA Shield ?,InfoAbonneCanal,Fri Dec 11 16:44:54 CET 2020,2
"1,33742295478379E+018",NVIDIA,Salut ! J'ai un petit soucis avec mon PC  j'ai une d√©connexion des p√©riphs quand je lance des logiciels les utilisant  notamment OBS/Nvidia BroadC  √ßa occasionne des freezes et un red√©marrage de ceux-ci puis rebelote  une id√©e de fix?,NathanScr,Fri Dec 11 16:44:15 CET 2020,0
"1,33742280687997E+018",NVIDIA,faudra pas r√™ver  niveau Ray tracing les consoles n'arriveront pas √† ce level sachant que m√™me une 2080ti est juste en 1440p et avec du DLSS de nvidia.,ghostintherobo7,Fri Dec 11 16:43:39 CET 2020,0
"1,33742097090308E+018",NVIDIA,On a des infos sur les produit nvidia shield?,Fl0_Vincent,Fri Dec 11 16:36:22 CET 2020,2
"1,33741980731096E+018",NVIDIA,Bon bah pour l'instant Cyberpunk c'est un sans faute. Quelques glitch d'IA et d'affichage par ci par l√† mais rien de bien m√©chant ou qui te sors du jeu. J'ai eu le bug avec les arbres au tout d√©but mais il est facilement et rapidement r√©glable en faisant la maj NVIDIA,wondrsander,Fri Dec 11 16:31:44 CET 2020,4
"1,33743081823555E+018",INTEL,üáÆüá∂ üáªüá¶ | Le pape Fran√ßois se rendra en du 5 mars au 8 mars 2021. C'est la 1√®re visite d'un pape en Irak.L'objectif de cette visite est de soutenir les chr√©tiens d'Irak qui ont massivement quitt√© le pays depuis 2003. Ils √©taient 1 500 000  ils sont ajd'hui plus que 400 000. ,Arab_Intel,Fri Dec 11 17:15:29 CET 2020,2
"1,33743038902397E+018",INTEL,Ah oui et que les gens aillent ce faire voir avec les buts... ce so t eux les bugs  ( perso  : Intel 6700k 1060 6go 32go ram jeu en ultra et strictement aucun but ou latence... donc voil√† les bugs perso j'en ai eu aucun...  ) Foutez lui la paix   elle joue √† ce qui lui pla√Æt..,CyantaGaming,Fri Dec 11 17:13:47 CET 2020,0
"1,33742835918642E+018",INTEL,pour joue les intel sont moins bon que les ryzen si je dit pas de coneris,minastaaa,Fri Dec 11 17:05:43 CET 2020,0
"1,3374282919895E+018",INTEL,intel t‚Äôa critiqu√© ,zepenkkiinnooo,Fri Dec 11 17:05:27 CET 2020,0
"1,33743442672529E+018",AMD,Je veux trop l'avoir !,BlondelB01,Fri Dec 11 17:29:50 CET 2020,4
"1,3374339964358E+018",AMD,Comme d‚Äôhabitude je participe avec ma micro cosmique chance ,gregory03700,Fri Dec 11 17:28:07 CET 2020,0
"1,33743367115909E+018",AMD,album de l‚Äôann√©e,b10_baba,Fri Dec 11 17:26:50 CET 2020,4
"1,33743303068471E+018",AMD,Merci  !!!,TANCHON,Fri Dec 11 17:24:17 CET 2020,4
"1,33743295650851E+018",AMD,Bonsoir fid√®le au post je participe merci,raffine88,Fri Dec 11 17:23:59 CET 2020,2
"1,33743232531189E+018",AMD,Bonjour a tous et bon fete de Noel Bonne chance a tous ,IcedarkTv,Fri Dec 11 17:21:29 CET 2020,4
"1,33743189112587E+018",AMD,Je tent3,flonos,Fri Dec 11 17:19:45 CET 2020,2
"1,33743439132958E+018",RGB,J'ai pris Hitman 2. Pour toujours plus de RP :D,Captain_RGB,Fri Dec 11 17:29:41 CET 2020,4
"1,337434185968E+018",RGB,salut j'ai un soucis avec le  rgb et  l'√©cran sur ma rtx 3080 master le RGB fusion ne d√©tecte pas ma rtx 3080 master  donc impossible de changer la couleur du RGB et de changer de Gif    que faut t'il faire pour que cela fonctionne,HardwareRom,Fri Dec 11 17:28:52 CET 2020,0
"1,33743360883184E+018",RGB,J'utilisais pas RGB fusion  le logiciel install√© de base c'est Launch App Center de GYGABITE mais je ne sais plus en lancer aucune des applications se trouvant l√† dedans. Btw je vais quand m√™me faire la mise √† jour BIOS,robi__nou,Fri Dec 11 17:26:35 CET 2020,0
"1,3374334173996E+018",RGB,Je cherche des ventilo pc rgb compatible avec dragon center  pas trop ch√®re  quelqu'un √† des id√©e ?,ShowGan0,Fri Dec 11 17:25:49 CET 2020,2
"1,33743313109643E+018",RGB,Hey ! Je t'invite √† mettre √† jour le logiciel RGB Fusion et √† faire les MAJ de ton BIOS,TopAchat,Fri Dec 11 17:24:41 CET 2020,2
"1,33743978295218E+018",Kinder,J‚Äôai retrouv√© un Kinder maxi dans ma poche que j‚Äôavais laiss√© pour moi-m√™me sachant que j‚Äôallais l‚Äôoublier dans la journ√©e ü•∫ü•∫ü•∫,kerl_,Fri Dec 11 17:51:07 CET 2020,2
"1,33743767025602E+018",Kinder,Il touche po 15m + un brassard de capitaine pour √™tre l'un des pire d√©fenseur de 1 vs 1 du monde eux au moins,iciseparis,Fri Dec 11 17:42:43 CET 2020,0
"1,33743561686326E+018",Kinder,Son surnom √† Franck Bruno c'√©tait Kinder ? ,TitBack,Fri Dec 11 17:34:34 CET 2020,2
"1,33743369924008E+018",Kinder,Tu veux il mange son Kinder comment ?,RAF_V4,Fri Dec 11 17:26:56 CET 2020,2
"1,33744014772662E+018",Noel,Envie de claquer toute ma thune dans des belles √©ditions de livres  mais bon c'est No√´l on va se calmer,LauraMax16,Fri Dec 11 17:52:34 CET 2020,2
"1,33744013307591E+018",Noel,Je veux √ßa pour no√´l svp  ,caspeupas,Fri Dec 11 17:52:30 CET 2020,2
"1,33744013300034E+018",Noel,mon r√™ve √† No√´l c'est de voir heureux les gens que j'aime ü•∞,ElodieVrecq,Fri Dec 11 17:52:30 CET 2020,4
"1,33744012096695E+018",Noel,mon r√™ve √† No√´l c‚Äôest de pouvoir offrir le plus merveilleux des No√´l  √† toute ma famille avec les beaux cadeaux  que nous proposent les #PetitsPapasCM. Merci ,jean95100,Fri Dec 11 17:52:27 CET 2020,4
"1,3374401180435E+018",Noel,Succ√®s du concours du plus beaux sapin . Le choix sera difficile. Le concours est ouvert jusqu‚Äôau 20 d√©cembre. Alors ! A vos  !  ,TCoutumes,Fri Dec 11 17:52:27 CET 2020,2
"1,33744011340461E+018",Noel,Voici un chapitre que je recommande sur ,Ivaloo_gaby,Fri Dec 11 17:52:26 CET 2020,4
"1,3374401067482E+018",Noel,Bient√¥t No√´l !   ,OlivMcar,Fri Dec 11 17:52:24 CET 2020,2
"1,33744010298178E+018",Noel,"si je gagne la hotte je ferais des heureux pour Noel """,trocelli71,Fri Dec 11 17:52:23 CET 2020,4
"1,33744009103222E+018",Noel,des buches de bois ferons l affaire!! c est ca l esprit de no√´l?!,kolargol42,Fri Dec 11 17:52:20 CET 2020,2
"1,33743956248697E+018",Amazon,la SVOD chez Canal Vod et l'autre partenaire du cot√© d'Oqee  la pure arnaque suffit de voir leurs bandes annonces  un speudo 720/1080p horrible il manque un paquet de pixels  la m√™me vid√©o sur Amazon prime tu vois direct la diff√©rence apr√®s ils s‚Äô√©tonnent de pas avoir de clients,Bruno_FIBRE,Fri Dec 11 17:50:14 CET 2020,0
"1,33743916308019E+018",Amazon,Gros tout √† l'heure j'ai vu Xbox Series X dispo sur Amazon FR/Allemand/IT et Carrefour j'avais envie de me flinguer,ene_rou,Fri Dec 11 17:48:39 CET 2020,0
"1,33743832314558E+018",Amazon,Au tour d‚ÄôAmazon Prime d‚Äôoffrir la possibilit√©! ,francoischarron,Fri Dec 11 17:45:19 CET 2020,4
"1,33743827776322E+018",Amazon,Film √áa - Blu-Ray - 4K UHD9 71‚Ç¨ au lieu de 14 17‚Ç¨Tr√®s bon prix pour ceux qui aiment avoir leurs films en physique Pour en savoir plus ‚û°Ô∏è‚û°Ô∏è ,dealroko,Fri Dec 11 17:45:08 CET 2020,4
"1,33743839683536E+018",P√©trole,Ici √ßa √©coute p√©trole de Rohff et Kayna Samet matin midi soir  √† toutes les sauces  dans toutes les situations  qu‚Äôil pleuve  qu‚Äôil vente ou qu‚Äôil neige,amemx_,Fri Dec 11 17:45:36 CET 2020,2
"1,33743784973037E+018",P√©trole,(Apr√®s elle a raison  m√™me le p√©trole c‚Äôest meilleur),ReformedLiroy,Fri Dec 11 17:43:26 CET 2020,4
"1,33743711198166E+018",P√©trole,Du tout.Je vous explique qu'on a un prix comparable aujourd'hui avec une conjoncture tr√®s favorable √† un prix bas  alors qu'en 2004 la conjoncture √©tait favorable √† un prix √©lev√©.C'est donc bien qu'il y a un effet structurel de fin du p√©trole bon march√©.,factsory,Fri Dec 11 17:40:30 CET 2020,2
"1,33743673145761E+018",P√©trole,Vous mettez en doute les pr√©dictions que le prix du p√©trole rebaisse (√† partir du niveau de l'√©poque)  c'est pourtant ce qui s'est pass√©.,cfhinor,Fri Dec 11 17:38:59 CET 2020,2
"1,3374367215968E+018",P√©trole,Le petit du Grand Narbonne sous pavillon belge : Euroports et Deme  sp√©cialiste du draguage et de l'off-shore  retenus pour le futur  (√©oliennes XXL + H2) que la r√©gion veut d√©velopper dans ce port de p√™che qui importe du p√©trole et exporte des c√©r√©ales ,canardumidi,Fri Dec 11 17:38:57 CET 2020,2
"1,33743577296269E+018",P√©trole,#Alg√©rie Vigil Grup  la firme de gardiennage arm√© de l'ex-colonel de la Garde r√©publicaine Ahmed Assassi  a perdu son contrat de protection √† Hassi Messaoud au profit d'El Amine Gard. #p√©trole ,LettreContinent,Fri Dec 11 17:35:11 CET 2020,0
"1,33743471233645E+018",P√©trole,Vous pouvez m'expliquer ce qui a mal vieilli ?On a actuellement (crise √©conomique sans pr√©c√©dent) un p√©trole au co√ªt proche de celui qu'on avait pendant la guerre en Irak de 2004 (arr√™t d'une partie de la production).Ca continue √† illustrer la fin du p√©trole bon march√©.,factsory,Fri Dec 11 17:30:58 CET 2020,0
"1,33743469144462E+018",P√©trole,Je me souviens que les mots p√©trole  gaz  charbon et hydrocarbures ne figuraient pas dans le document final de la COP 21. Alors que leur combustion repr√©sente 80 % du d√©r√®glement climatique. Que diriez-vous d‚Äôun d√©bat avec JM Jancovici et Cyril Dion sur ?,RERBGrandParis,Fri Dec 11 17:30:53 CET 2020,2
"1,33743407553624E+018",P√©trole,Quand vous n'aurez plus de p√©trole vous viendrez encore pleurer pour qu'on vous sauve. N'achetez pas de kiri vos dirigeants ach√®tent Dior  Vuitton Chanel  Lacoste. Vous vous √™tes juste perdu dans v√¥tre haine. Bonne route...,d_lasource,Fri Dec 11 17:28:26 CET 2020,0
"1,33743337000397E+018",P√©trole,Atterr√©e hier soir par la malhonn√™tet√© de de Certes les √©nergies renouvelables nous affranchissent du p√©trole  mais sont extr√™mement d√©pendantes des m√©taux rares  dont l‚Äôexploitation et la transformation n√©cessitent des proc√©d√©s tr√®s polluants!,dazoubao,Fri Dec 11 17:25:38 CET 2020,0
"1,33744011689009E+018",T√©l√©vision,Mdrrrr : l√©che Cul d'un ignare qui se fait malmen√© sur les plateaux de t√©l√©vision √† chaque fois qu'il est invit√©. Quelle Mouche vous a Piqu√© Connard???.,bonoisannabi1,Fri Dec 11 17:52:26 CET 2020,0
"1,33744001221696E+018",T√©l√©vision,Le plus efficace pour lutter contre cet abominable fl√©au serait de punir beaucoup plus ces barbares de vraies peines ( plusieurs dizaines d'ann√©es) r√©ouvrir les bagnes avec juste une couchette sans t√©l√©phone ni t√©l√©vision du travail oblig√© dont les salaires iraient aux victimes ,mamitanardone1,Fri Dec 11 17:52:02 CET 2020,0
"1,33743963956569E+018",T√©l√©vision,St√©phane Guy mis √† pied par Canal+ pour son message de soutien √† Thoen ? ,20minutesSport,Fri Dec 11 17:50:33 CET 2020,2
"1,33743959594913E+018",T√©l√©vision,Argument tr√®s fallacieux que celui de dire qu'il y a des documentaires pr√©sentant des th√©ories abracadabrantesques : on nous en sert √©galement √† la t√©l√©vision fran√ßaise depuis des d√©cennies ,stargaryenqueen,Fri Dec 11 17:50:22 CET 2020,0
"1,33743869119583E+018",T√©l√©vision,Chouette demain c'est d√©j√† samedi  la suite de  √† la t√©l√©vision...,GiacomelloPasc1,Fri Dec 11 17:46:47 CET 2020,4
"1,33743811641259E+018",T√©l√©vision,Tant que la t√©l√©vision n‚Äôest pas repr√©sentative de la soci√©t√©  les discours orient√©s perdureront. Que la l√©gislation lib√©ralise au moins les autorisations de diffusion !!!,bousnighzali,Fri Dec 11 17:44:30 CET 2020,0
"1,33743802888167E+018",T√©l√©vision,"Nava regarde l'oc√©an qui se refl√®te dans ses yeuxNava est une jeune femme qui r√™ve d'un monde meilleurNava n'√©coute pas la t√©l√©vision ni la radioNava regarde Nibiru  pense au monde d'apr√®sUn monde nouveau s'ouvre a elle Elle pr√©f√®re √©couter les Naza (nazi)  n'a aucune honte"" ",ISIS24828716,Fri Dec 11 17:44:09 CET 2020,4
"1,337437753987E+018",T√©l√©vision,Je sais pas si tu troll ou t‚Äôes s√©rieux mais le record il le bat en 2020 mdr c‚Äôest normal que je l‚Äô√©voque. Encore une fois Messi a porter le barca seul avec Ter Stegen il a pas vol√© sa place et dire le contraire c‚Äôest ne pas allumer sa t√©l√©vision,soufff_95,Fri Dec 11 17:43:03 CET 2020,2
"1,33743744372594E+018",T√©l√©vision,Je vous recommande cet article de La Presse : √Ä la rescousse des Kevin ,PatWhite70,Fri Dec 11 17:41:49 CET 2020,4
"1,33743737765725E+018",T√©l√©vision,All√© j‚Äôai re valid√© l‚Äôinscription   bin oui pourquoi pas ! C‚Äôest sign√© pour deux ans ! Encore un petit tour √† la t√©l√© √ßa serait cool. Hihihi ‚ò∫Ô∏è‚ù£Ô∏è ,SquirrelsCake,Fri Dec 11 17:41:33 CET 2020,4
"1,3374402221755E+018",Musique,En plus je chante trop bien la musique de l‚Äô√©l√©phant  je pense que j‚Äôai beaucoup de talent,burgerito_,Fri Dec 11 17:52:52 CET 2020,4
"1,33744020218966E+018",Musique,Jeudi  le gouvernement a d√©cid√© de garder les lieux de spectacle ferm√©s sans justifier pourquoi ils sont plus √† risque que d'autres. Devant ce blocage  le secteur se pr√©pare √† d√©poser un recours devant le Conseil d'√âtat. C'est √† lire dans : ,SophianF,Fri Dec 11 17:52:47 CET 2020,0
"1,33744005661794E+018",Musique,On est en 2020 et des gens portent encore leur casque beats autour du cou hors des moments o√π ils √©coutent de la musique  ils faut avancer mes ch√©ri.e.s,ObesusEtruscus,Fri Dec 11 17:52:12 CET 2020,0
"1,33743996884363E+018",Musique,Vive la pomme musique,RiadLeClub,Fri Dec 11 17:51:51 CET 2020,4
"1,33743991541671E+018",Musique,de toute fa√ßon tu rates pas grand chose je pense mdr,monsthairr,Fri Dec 11 17:51:38 CET 2020,0
"1,33743986704372E+018",Musique,au moment o√π je rentre dans la reading room de Founders  la musique d‚ÄôHarry Potter se d√©clenche dans mes √©couteurs  on adore,twhjxl,Fri Dec 11 17:51:27 CET 2020,4
"1,33743982950477E+018",Musique,c'est des costumes qu'ont √©t√© rajout√©s apr√®s l'inclusion du personnage en lui m√™me  s'ils avaient voulu rajouter Sans ils l'auraient fait au moment du costume Mii et de la musique,ToupieLaser,Fri Dec 11 17:51:18 CET 2020,2
"1,33744036156482E+018",Stream,bah t'es pas oblig√© de stream pour avoir un argument sur le jeu si ?,Aimkaper,Fri Dec 11 17:53:25 CET 2020,2
"1,33744048438659E+018",Twitch,Vous avez les m√™mes yeux ! Les  que nous sommes ont tellement h√¢te de vous voir sur Twitch. FC Impatient.,MorganAwln,Fri Dec 11 17:53:54 CET 2020,4
"1,33744045975766E+018",Twitch,Je sais pas ce que tu entends par  mais elle m√©rite d'√™tre regard√©e en tout cas  ,Olvytia,Fri Dec 11 17:53:48 CET 2020,4
"1,33744043056109E+018",Twitch,LE BATTLE ROYALE DE MODERN WARFARE !! ,Grvngo_97,Fri Dec 11 17:53:41 CET 2020,2
"1,33744039944358E+018",Vin,Je viens de me rendre compte qu'on m'a arnaqu√©...  j'ai achet√© une bouteille de vin tr√®s ch√®re avant de me rendre compte qu'elle √©tait p√©rim√©e depuis 1993. Je suis bris√©e  moi qui me faisait une joie d'en boire j'ai d√ª la jeter... ,NaginiOff,Fri Dec 11 17:53:34 CET 2020,0
"1,33744031449215E+018",Vin,cela repr√©sente un malin plaisir de passer de la tisane au vin rouge pour moi,malonade,Fri Dec 11 17:53:14 CET 2020,4
"1,33744051448073E+018",Cyberpunk,Eh vas-y cyberpunk injouable wallah il a crash 5 fois aujourd‚Äôhui,Juustamoment,Fri Dec 11 17:54:01 CET 2020,0
"1,33744014215238E+018",Cyberpunk,J'aime bien les gens qui disent que c'est de la faute aux PS4 d'√™tre trop vieilles pour faire tourner Cyberpunk :- le dev a commenc√© il y a des ann√©es sur ces consoles- j'ai fait tourner sans soucis tous les  jeux en 30i/s dont RDR2 qui n'est pas une exclue.,Aralass,Fri Dec 11 17:52:32 CET 2020,0
"1,33744009048694E+018",Cyberpunk,Je suis impressionn√© par les doublages (des persos dans les qu√™tes principales essentiellement) de C*berpunk 2077 sinon. Y'a des personnages japonais (cyberpunk oblige) et... ils ont un accent tr√®s cr√©dible/r√©aliste quand ils parlent fran√ßais c'est ouf.,INTcitizen,Fri Dec 11 17:52:20 CET 2020,4
"1,33743995441533E+018",Cyberpunk,personnellement c'est int√©gralement  par exemple l√† sur Cyberpunk  je trouve le perso f√©minin plus joli que le perso masculin dans l'√©diteur  donc je vais jouer une femme  dans assassin's creed valhalla je trouvais eivor plus sympa au masculin.,yamazelka,Fri Dec 11 17:51:48 CET 2020,4
"1,33743986171703E+018",Cyberpunk,TW: CYBERPUNK je regrette de pas avoir mis de hooha √† ma meuf parce que je suis horny sur Jackie,y2kehba,Fri Dec 11 17:51:26 CET 2020,0
